id,title,category,source,url,timestamp,trust_score,governance_zone,chain_hash,content_length,content_preview,tongue_KO,tongue_AV,tongue_RU,tongue_CA,tongue_UM,tongue_DR,edge_count,notion_id
410a82d3bb4a70b9,🔬 SCBE-AETHERMOORE — Public Technical & Theory Hub,scbe-general,notion,https://www.notion.so/SCBE-AETHERMOORE-Public-Technical-Theory-Hub-558788e2135c483aac56f3acd77debc6,2026-01-27T07:26:00.000Z,0.5,GREEN,402994555ef2,9928,"# 🔬 SCBE-AETHERMOORE — Public Technical & Theory Hub  Public-Facing Technical Assets Purpose: Architecture explanations, demos, theory — what you SHOW to build credibility Audience: CTOs, security tea",0.0392,0.0635,0.1369,0.2215,0.2688,0.87,0,558788e2-135c-483a-ac56-f3acd77debc6
f25eda239702d94f,SCBE-AETHERMOORE + PHDM: Complete Mathematical & Security Specification,phdm,notion,https://www.notion.so/SCBE-AETHERMOORE-PHDM-Complete-Mathematical-Security-Specification-2d7f96de82e5803eb8a4ec918262b980,2025-12-28T21:25:00.000Z,0.5,GREEN,f5eba424e3d2,555,# SCBE-AETHERMOORE + PHDM: Complete Mathematical & Security Specification  SCBE-AETHERMOORE: Complete Mathematical & Security Specification A Comprehensive Technical Reference for Patent-Backed Quantu,0.0635,0.0343,0.1663,0.538,0.2902,0.7043,1,2d7f96de-82e5-803e-b8a4-ec918262b980
6da831e738f765f6,📚 SCBE-AETHERMORE System State Report — NotebookLM Ready (Feb 2026),scbe-general,notion,https://www.notion.so/SCBE-AETHERMORE-System-State-Report-NotebookLM-Ready-Feb-2026-ddf205f530d94bb489a830b137685f03,2026-02-07T01:07:00.000Z,0.5,GREEN,3839bdc03ac7,14438,"# 📚 SCBE-AETHERMORE System State Report — NotebookLM Ready (Feb 2026)  SCBE-AETHERMOORE Complete System State Report Version: v5.0 + HYDRA v1.1.0   Report Date: February 6, 2026   Status: ✅ Production",0.0856,0.1385,0.2987,0.4833,0.391,0.6327,2,ddf205f5-30d9-4bb4-89a8-30b137685f03
04c6ceb8148c6bb4,"Just launched our SCBE-AETHERMOORE interactive demo on Hugging Face! Explore 14-layer post-quantum encryption, lattice-based key generation, and security analysis - all in your browser.

Try it now: huggingface.co/spaces/issdandavis/SCBE-AETHERMOORE-Demo

#PostQuantum #CyberSecurity #AI #OpenSource",demo,notion,https://www.notion.so/Just-launched-our-SCBE-AETHERMOORE-interactive-demo-on-Hugging-Face-Explore-14-layer-post-quantum-e-305f96de82e580069e8fc4389836729d,2026-02-12T15:06:00.000Z,0.5,GREEN,c3c6efbf2e29,602,"# Just launched our SCBE-AETHERMOORE interactive demo on Hugging Face! Explore 14-layer post-quantum encryption, lattice-based key generation, and security analysis - all in your browser.  Try it now:",0.1356,0.4389,0.1184,0.5745,0.3099,0.5014,3,305f96de-82e5-8006-9e8f-c4389836729d
d7bebb6191bc78dd,SCBE-AETHERMOORE Marketing Content Calendar,marketing,notion,https://www.notion.so/SCBE-AETHERMOORE-Marketing-Content-Calendar-306f96de82e5802abfeef64460b20aa2,2026-02-13T23:54:00.000Z,0.5,GREEN,437dd7c1fd24,2813,# SCBE-AETHERMOORE Marketing Content Calendar  Content schedule for social media rollout over next 16 hours Scheduled X/Twitter Posts Post 1 (4:00 PM) - SCHEDULED ✅ Introducing SCBE-AETHERMOORE: A rev,0.0796,0.1716,0.0694,0.2247,0.1818,0.8823,4,306f96de-82e5-802a-bfee-f64460b20aa2
d0193100ad349773,SCBE-AETHERMOORE Operations Hub,scbe-general,notion,https://www.notion.so/SCBE-AETHERMOORE-Operations-Hub-303f96de82e580dca63bf1ffd84e4ad3,2026-02-10T09:59:00.000Z,0.5,GREEN,8fabe765e85a,804,"# SCBE-AETHERMOORE Operations Hub  Central command for automated publishing, content scheduling, store operations, and work tracking. All content flows from here to Twitter/X, WordPress, Shopify, and ",0.127,0.1027,0.1662,0.4035,0.4352,0.7042,5,303f96de-82e5-80dc-a63b-f1ffd84e4ad3
a6904bd9c47e67e8,🚀 SCBE-AETHERMOORE Tech Deck - Complete Setup Guide,scbe-general,notion,https://www.notion.so/SCBE-AETHERMOORE-Tech-Deck-Complete-Setup-Guide-60922537b0cb4b9fa34ac82eb242ed9b,2026-01-17T20:45:00.000Z,0.5,GREEN,ebd512467852,45522,"# 🚀 SCBE-AETHERMOORE Tech Deck - Complete Setup Guide  SCBE-AETHERMOORE: Complete Technical Deck Version: 3.2.4 (npm) / v5.0 (spec) | Status: Production-Ready | Last Updated: February 8, 2026 (audit r",0.0756,0.1224,0.198,0.6407,0.3456,0.5592,5,60922537-b0cb-4b9f-a34a-c82eb242ed9b
c79305fd0f220e51,💬 SCBE-AETHERMOORE Public Forum - Questions & Discussions,scbe-general,notion,https://www.notion.so/SCBE-AETHERMOORE-Public-Forum-Questions-Discussions-1cdeb303981c4602ad0d1cd99d1ce2ba,2026-02-08T02:00:00.000Z,0.5,GREEN,dca4a43e2916,6777,"# 💬 SCBE-AETHERMOORE Public Forum - Questions & Discussions  Welcome to the SCBE-AETHERMOORE Community Forum Ask questions, share insights, report issues This page is for community discussion about SC",0.0541,0.0876,0.1417,0.3057,0.371,0.8004,5,1cdeb303-981c-4602-ad0d-1cd99d1ce2ba
e9bdf8b0747dcffd,🔧 SCBE-AETHERMOORE Technical Reference - Complete Function & Math Index,scbe-general,notion,https://www.notion.so/SCBE-AETHERMOORE-Technical-Reference-Complete-Function-Math-Index-5a389a3e07264e0eae46e81b51c1eb27,2026-02-08T02:00:00.000Z,0.5,GREEN,f1115c2f2035,7920,"# 🔧 SCBE-AETHERMOORE Technical Reference - Complete Function & Math Index  Complete Technical Reference Auto-consolidated from all SCBE-AETHERMOORE documentation This page compiles all functions, math",0.0831,0.0897,0.1451,0.5869,0.3799,0.6146,5,5a389a3e-0726-4e0e-ae46-e81b51c1eb27
da8e2467edb9dceb,🔮 SCBE Phase–Breath Hyperbolic Governance - 14-Layer Mathematical Core v1.2,governance,notion,https://www.notion.so/SCBE-Phase-Breath-Hyperbolic-Governance-14-Layer-Mathematical-Core-v1-2-efef8c70c8e0455d91e46ce0ef859a14,2026-02-07T01:44:00.000Z,0.5,GREEN,460ebb9fd608,4670,# 🔮 SCBE Phase–Breath Hyperbolic Governance - 14-Layer Mathematical Core v1.2  SCBE Phase–Breath Hyperbolic Governance 14-Layer to Mathematical Core Mapping Version: 1.2   Date: January 2026   Author:,0.2609,0.0528,0.4269,0.2763,0.2235,0.7233,5,efef8c70-c8e0-455d-91e4-6ce0ef859a14
5e29b9e87fc60bea,🥚 SCBE-AETHERMOORE + Sacred Eggs — Complete Integration Pack,sacred-eggs,notion,https://www.notion.so/SCBE-AETHERMOORE-Sacred-Eggs-Complete-Integration-Pack-91eefb12ad4b45088da02d4f62f25692,2026-01-27T07:23:00.000Z,0.5,GREEN,eec11e6fe217,7909,# 🥚 SCBE-AETHERMOORE + Sacred Eggs — Complete Integration Pack  The Complete SCBE-AETHERMOORE System Status: Production-Ready Integration | Version: v3.0 with Sacred Eggs What This Is: A unified crypt,0.0212,0.0343,0.0834,0.1349,0.7275,0.5886,5,91eefb12-ad4b-4508-8da0-2d4f62f25692
8c3d153b178e6e38,SCBE-AETHERMOORE Hub,scbe-general,notion,https://www.notion.so/SCBE-AETHERMOORE-Hub-300f96de82e580d09a66cdd048e5cab5,2026-02-07T18:04:00.000Z,0.5,GREEN,b1214be9e807,517,"# SCBE-AETHERMOORE Hub  🎯 Central navigation hub for the SCBE-AETHERMOORE ecosystem Single source of truth for all repositories, specifications, and artifacts. 📚 Quick Navigation 🌐 14-Layer Architectu",0.088,0.095,0.2305,0.4972,0.4022,0.6508,5,300f96de-82e5-80d0-9a66-cdd048e5cab5
99bd800c3c58164b,🚀 SCBE-AETHERMOORE Demo - Live Deployment,demo,notion,https://www.notion.so/SCBE-AETHERMOORE-Demo-Live-Deployment-2f9f96de82e581508904c7a412d2efd4,2026-01-31T03:58:00.000Z,0.5,GREEN,d37925a01778,12358,# 🚀 SCBE-AETHERMOORE Demo - Live Deployment  ✅ Demo Status: LIVE AND PUBLIC 🌐 PUBLIC DEMO URL: https://scbe-aethermoore-ezaociw8wy6t5rnaynzvzc.streamlit.app/ Status: ✅ Fully operational - share this U,0.1694,0.4797,0.2218,0.5382,0.2903,0.4697,5,2f9f96de-82e5-8150-8904-c7a412d2efd4
95a98c428f82f2ff,🔶 Dual Lattice Cross-Stitch - Hyperbolic Multi-Agent Coordination,math,notion,https://www.notion.so/Dual-Lattice-Cross-Stitch-Hyperbolic-Multi-Agent-Coordination-ed72a207ea9b4dc1ab71fb5c63c66b49,2026-02-02T11:05:00.000Z,0.5,GREEN,4fbab41003ba,21958,"# 🔶 Dual Lattice Cross-Stitch - Hyperbolic Multi-Agent Coordination  Dual Lattice Cross-Stitch v2 Hyperbolic Multi-Agent Coordination with Post-Quantum Foundations Status: ✅ Operational (February 2, 2",0.0319,0.0258,0.1255,0.609,0.1095,0.7086,5,ed72a207-ea9b-4dc1-ab71-fb5c63c66b49
65d989da60342547,🌐 SCBE-AETHERMOORE System Overview - Central Hub,scbe-general,notion,https://www.notion.so/SCBE-AETHERMOORE-System-Overview-Central-Hub-6418f2855c974c78b82168d783c4b3fe,2026-02-03T07:03:00.000Z,0.5,GREEN,3ed420712a63,7995,"# 🌐 SCBE-AETHERMOORE System Overview - Central Hub  SCBE-AETHERMOORE System Overview Central Command Hub - Auto-Linked Architecture Last Manual Update: February 2, 2026 System Version: v5.0 Production",0.0753,0.0914,0.1479,0.3191,0.2582,0.8355,5,6418f285-5c97-4c78-b821-68d783c4b3fe
13882557d72a8ed4,SCBE-AETHERMOORE: Executive Summary,scbe-general,notion,https://www.notion.so/SCBE-AETHERMOORE-Executive-Summary-2ecf96de82e581839d69ee31e5c15175,2026-01-18T11:40:00.000Z,0.5,GREEN,b64a1d044233,5009,"# SCBE-AETHERMOORE: Executive Summary  📋 Overview This page contains the executive summary and strategic positioning materials for SCBE-AETHERMOORE - your quantum-resistant, multi-layer security archi",0.0936,0.1136,0.1225,0.3964,0.3207,0.7784,5,2ecf96de-82e5-8183-9d69-ee31e5c15175
015fc5c05c3a9430,SCBE Security Architecture Explainer,architecture,notion,https://www.notion.so/SCBE-Security-Architecture-Explainer-1a19c2bb8bc442af8a057f5870dbfda1,2026-02-02T07:43:00.000Z,0.5,GREEN,1a1667bfcf12,76,# SCBE Security Architecture Explainer  SCBE Security Architecture Explainer,0.3251,0.1503,0.2432,0.5902,0.3183,0.5151,5,1a19c2bb-8bc4-42af-8a05-7f5870dbfda1
bc23475bb6f13f81,Real-World SCBE Use Cases Thread,scbe-general,notion,https://www.notion.so/Real-World-SCBE-Use-Cases-Thread-c414c27b60fe45eb99f66befa4b9b1ca,2026-02-02T07:43:00.000Z,0.5,GREEN,5a3e164cc024,68,# Real-World SCBE Use Cases Thread  Real-World SCBE Use Cases Thread,0.0956,0.1031,0.1669,0.4051,0.437,0.707,5,c414c27b-60fe-45eb-99f6-6befa4b9b1ca
f6ee0758daf2b6ed,SCBE-AETHERMOORE – Live Links & Assets,scbe-general,notion,https://www.notion.so/SCBE-AETHERMOORE-Live-Links-Assets-2fbf96de82e581b39960c8afe15b005e,2026-02-02T03:25:00.000Z,0.5,GREEN,c814bd94a6cd,760,# SCBE-AETHERMOORE – Live Links & Assets  SCBE-AETHERMOORE Hub Page Core Links: npm: https://www.npmjs.com/package/scbe-aethermoore GitHub: https://github.com/issdandavis/SCBE-AETHERMOORE Pitch Deck: ,0.088,0.095,0.2305,0.4972,0.4022,0.6508,5,2fbf96de-82e5-81b3-9960-c8afe15b005e
43ac3311d70a66cb,🚁 Drone Fleet Architecture Upgrades - SCBE-AETHERMOORE Integration,architecture,notion,https://www.notion.so/Drone-Fleet-Architecture-Upgrades-SCBE-AETHERMOORE-Integration-4e9d7f89e2724f1d9b6ccee15af71fa8,2026-01-30T01:49:00.000Z,0.5,GREEN,06806bc3c794,8374,"# 🚁 Drone Fleet Architecture Upgrades - SCBE-AETHERMOORE Integration  Drone Fleet System Improvements Integration of Swarm Coordination, GeoSeal, and Topological CFI Document Status: Production Archit",0.2492,0.1344,0.4349,0.4691,0.1898,0.6141,5,4e9d7f89-e272-4f1d-9b6c-cee15af71fa8
c25f91e845f03c3d,📚 SCBE-AETHERMOORE Reference Manuals - Quick Lookup,scbe-general,notion,https://www.notion.so/SCBE-AETHERMOORE-Reference-Manuals-Quick-Lookup-80afb6d0d9c640599a90780676324b5c,2026-01-31T08:05:00.000Z,0.5,GREEN,1fc60d80708a,4467,"# 📚 SCBE-AETHERMOORE Reference Manuals - Quick Lookup  SCBE-AETHERMOORE Reference Manuals Quick-Access Technical Documentation Consolidated reference materials for implementation, debugging, and archi",0.0553,0.0597,0.0966,0.3908,0.2529,0.8185,5,80afb6d0-d9c6-4059-9a90-780676324b5c
fc58fac8525d768c,☁️ Google Cloud Infrastructure Setup - SCBE-AETHERMOORE,scbe-general,notion,https://www.notion.so/Google-Cloud-Infrastructure-Setup-SCBE-AETHERMOORE-11ac4a237afe4464a3a00b4e09fe3d7a,2026-01-30T01:54:00.000Z,0.5,GREEN,dfaf334f3c1f,10903,"# ☁️ Google Cloud Infrastructure Setup - SCBE-AETHERMOORE  Google Cloud Infrastructure Setup SCBE-AETHERMOORE Swarm Deployment Date: January 27, 2026 Project: SCBE-AETHERMOORE (v3.0.0) Focus: Swarm Ag",0.0913,0.1108,0.2391,0.3869,0.313,0.7596,5,11ac4a23-7afe-4464-a3a0-0b4e09fe3d7a
096082fefdaeec41,📊 SCBE-AETHERMOORE v3.0.0 - Unified System Report,scbe-general,notion,https://www.notion.so/SCBE-AETHERMOORE-v3-0-0-Unified-System-Report-be55b479c358478c9b057649386206e5,2026-01-30T01:54:00.000Z,0.5,GREEN,d85ec16440df,11515,# 📊 SCBE-AETHERMOORE v3.0.0 - Unified System Report  SCBE-AETHERMOORE: Unified System Report Document ID: AETHER-SPEC-2026-003-UNI Version: 3.0.0 (Production Candidate) Author: Issac Davis Date: Janua,0.0967,0.0782,0.1899,0.3072,0.3314,0.8042,5,be55b479-c358-478c-9b05-7649386206e5
551beb0543bdc632,The Avalon-SCBE Rosetta Stone,scbe-general,notion,https://www.notion.so/The-Avalon-SCBE-Rosetta-Stone-65f203b57d414805bdb633ec61ec5a5f,2026-01-27T09:27:00.000Z,0.5,GREEN,519e06b2fc2d,143,# The Avalon-SCBE Rosetta Stone  Complete Mapping: Fantasy Worldbuilding ↔ Production Security Architecture Compiling comprehensive mappings...,0.0956,0.1031,0.1669,0.4051,0.437,0.707,5,65f203b5-7d41-4805-bdb6-33ec61ec5a5f
a926bfc2d974372b,🔬 Science-Based Fantasy Magic System Builder,scbe-general,notion,https://www.notion.so/Science-Based-Fantasy-Magic-System-Builder-8f002ce77a0c4bf7b57a3e5562c57b8d,2026-01-27T08:39:00.000Z,0.5,GREEN,505332ea3226,14316,# 🔬 Science-Based Fantasy Magic System Builder  Science-Based Fantasy Magic System Builder Premium Template - Ready for Sale What This Template Does 🎯 What's Included Core Systems 1. Eight States of M,0.0735,0.0793,0.1283,0.3114,0.3359,0.8152,5,8f002ce7-7a0c-4bf7-b57a-3e5562c57b8d
21f52496221b059a,🏆 SCBE-AETHERMOORE v5.0 - FINAL CONSOLIDATED PATENT APPLICATION,patent,notion,https://www.notion.so/SCBE-AETHERMOORE-v5-0-FINAL-CONSOLIDATED-PATENT-APPLICATION-b556c3f098af4107a487ad032be11591,2026-01-12T05:14:00.000Z,0.5,GREEN,9bcb4b5b69f8,19085,"# 🏆 SCBE-AETHERMOORE v5.0 - FINAL CONSOLIDATED PATENT APPLICATION  Version: 5.1 – FILING READY Filing Date: January 14, 2026, 3:49 PM PST Prepared At: Port Angeles, Washington, US Status: ✅ PHASE 1 RE",0.0459,0.0248,0.3609,0.0649,0.21,0.8493,5,b556c3f0-98af-4107-a487-ad032be11591
a5a4ae11b6f890c8,🎭 SCBE-AETHERMOORE — Public Creative & Marketing Hub,marketing,notion,https://www.notion.so/SCBE-AETHERMOORE-Public-Creative-Marketing-Hub-95b4f674c9504021a047717e3e5dd1f4,2026-01-27T07:26:00.000Z,0.5,GREEN,a7ad668e178e,1622,"# 🎭 SCBE-AETHERMOORE — Public Creative & Marketing Hub  Public-Facing Creative Assets Purpose: Marketing, worldbuilding, templates, lore — the ""storefront"" for SCBE-AETHERMOORE Audience: Fantasy write",0.0794,0.1284,0.0519,0.1681,0.272,0.8802,5,95b4f674-c950-4021-a047-717e3e5dd1f4
f7d0b9c6350cf697,🔐 SCBE-AETHERMOORE — Private Technical & Production Hub,scbe-general,notion,https://www.notion.so/SCBE-AETHERMOORE-Private-Technical-Production-Hub-e10c1c52bf544955b3968919081d4813,2026-01-27T07:26:00.000Z,0.5,GREEN,dd660ecd0a8a,3439,"# 🔐 SCBE-AETHERMOORE — Private Technical & Production Hub  Private Technical Assets — HIGH VALUE Purpose: Real implementation, production code, hardcore math — the BIG BUCKS stuff Audience: ONLY YOU a",0.0622,0.0504,0.163,0.3296,0.5333,0.6903,5,e10c1c52-bf54-4955-b396-8919081d4813
6cb5c6ff80dd1ada,🔮 Complete SCBE-PHDM-Symphonic Integration Architecture,phdm,notion,https://www.notion.so/Complete-SCBE-PHDM-Symphonic-Integration-Architecture-e7556c8b1d8844ecb138cc2ee0ba169d,2026-01-27T03:18:00.000Z,0.5,GREEN,ab7da311507e,9081,"# 🔮 Complete SCBE-PHDM-Symphonic Integration Architecture  Complete SCBE-PHDM-Symphonic Integration Architecture Status: ✅ Architecture Synthesis Complete Date: January 27, 2026 System Classification:",0.0869,0.0402,0.0975,0.3683,0.2554,0.8264,5,e7556c8b-1d88-44ec-b138-cc2ee0ba169d
d3dc5238f3061b17,🔐 Unified SCBE-AETHERMOORE Security Architecture v2.5,architecture,notion,https://www.notion.so/Unified-SCBE-AETHERMOORE-Security-Architecture-v2-5-97313b71eb5c4bf083dbc211e1893c97,2026-01-17T03:26:00.000Z,0.5,GREEN,fce3fed03535,56116,"# 🔐 Unified SCBE-AETHERMOORE Security Architecture v2.5  Unified SCBE-AETHERMOORE Security Architecture v2.5 Status: Production-Ready Mathematical Framework Author: Issac Davis Date: January 16, 2026 ",0.198,0.0712,0.2879,0.4659,0.1508,0.7318,5,97313b71-eb5c-4bf0-83db-c211e1893c97
69f3c45d8cf34b6f,⚙️ SCBE Operations Manual - Systems & Secrets,scbe-general,notion,https://www.notion.so/SCBE-Operations-Manual-Systems-Secrets-647f256d4ced4d2aac423e9aef0116a8,2026-01-11T04:15:00.000Z,0.5,GREEN,cbd248b910a7,17028,"# ⚙️ SCBE Operations Manual - Systems & Secrets  Purpose Operational guide for deploying, configuring, and managing SCBE-AETHERMOORE systems. Covers infrastructure, secrets management, monitoring, and",0.0628,0.1356,0.1097,0.4437,0.4307,0.697,5,647f256d-4ced-4d2a-ac42-3e9aef0116a8
e676217bec1cf326,"The Comprehensive State of Notion Templates: Types, Craftsmanship, Profitability, and Unmet Community Needs",scbe-general,notion,https://www.notion.so/The-Comprehensive-State-of-Notion-Templates-Types-Craftsmanship-Profitability-and-Unmet-Communit-2d8f96de82e58096ab3dd9b2da2f9e6d,2025-12-29T06:50:00.000Z,0.5,GREEN,92c2b7d8a73b,11405,"# The Comprehensive State of Notion Templates: Types, Craftsmanship, Profitability, and Unmet Community Needs  This report provides an exhaustive overview of the Notion template ecosystem as of late 2",0.127,0.1027,0.1662,0.4035,0.4352,0.7042,5,2d8f96de-82e5-8096-ab3d-d9b2da2f9e6d
e747c039d33de64e,SCBE-AETHERMOORE Licensing Term Sheet Template,scbe-general,notion,https://www.notion.so/SCBE-AETHERMOORE-Licensing-Term-Sheet-Template-2ecf96de82e581ff8f86f3f0a26116ce,2026-01-18T11:40:00.000Z,0.5,GREEN,1346302c69fe,2337,"# SCBE-AETHERMOORE Licensing Term Sheet Template  CONFIDENTIAL - FOR DISCUSSION PURPOSES ONLY Date: January 18, 2026 Licensor: Issac Daniel Davis Licensee: [Company Name] 1. Licensed Technology SCBE-A",0.0833,0.1348,0.2181,0.3529,0.571,0.6159,5,2ecf96de-82e5-81ff-8f86-f3f0a26116ce
a578894d31c4eb05,SCBE Phase-Breath Hyperbolic Governance,governance,notion,https://www.notion.so/SCBE-Phase-Breath-Hyperbolic-Governance-decf1e4641354c0b91f49116c4b3d02b,2026-01-17T21:15:00.000Z,0.5,GREEN,7f223eef7c0e,82,# SCBE Phase-Breath Hyperbolic Governance  SCBE Phase-Breath Hyperbolic Governance,0.2807,0.0568,0.3674,0.1486,0.2405,0.7782,5,decf1e46-4135-4c0b-91f4-9116c4b3d02b
bfb681ff654a714d,📋 SCBE Patent Documentation Suite,patent,notion,https://www.notion.so/SCBE-Patent-Documentation-Suite-00d129770f80497289ea2e4a71f8b08c,2026-01-17T20:59:00.000Z,0.5,GREEN,ce799279b268,1553,"# 📋 SCBE Patent Documentation Suite  SCBE-AETHERMOORE Patent Documentation Suite Status: Filing Ready Patent Number: USPTO #63/961,403 (Provisional) Target Filing: January 31, 2026 Inventor: Issac Dav",0.0422,0.0683,0.4973,0.2682,0.2893,0.7022,5,00d12977-0f80-4972-89ea-2e4a71f8b08c
adacc85562e2c181,SCBE-AETHERMOORE Implementation Tracker - Math Fixes,scbe-general,notion,https://www.notion.so/SCBE-AETHERMOORE-Implementation-Tracker-Math-Fixes-25ea783b150d4f09b794e5ab5f7424b5,2026-01-17T20:21:00.000Z,0.5,GREEN,425ff9a0c361,11280,"# SCBE-AETHERMOORE Implementation Tracker - Math Fixes  SCBE-AETHERMOORE Implementation Tracker Status: Mathematical Audit Complete → Code Updates In Progress Date: January 17, 2026 Priority: P0 (Bloc",0.0747,0.0806,0.2608,0.633,0.3414,0.5524,5,25ea783b-150d-4f09-b794-e5ab5f7424b5
6e4d198513ceaf19,SCBE-AETHERMOORE Mathematical Specification v3.1 - CORRECTED,scbe-general,notion,https://www.notion.so/SCBE-AETHERMOORE-Mathematical-Specification-v3-1-CORRECTED-f4a6ac9bf5ea463f83ceff080e405c88,2026-01-17T20:19:00.000Z,0.5,GREEN,628fcbeb2cb4,9813,"# SCBE-AETHERMOORE Mathematical Specification v3.1 - CORRECTED  SCBE-AETHERMOORE Mathematical Specification v3.1 Status: ✅ Mathematically Consistent (Post-Audit) Date: January 17, 2026 Auditor Recomme",0.0896,0.0725,0.1173,0.4746,0.3072,0.7455,5,f4a6ac9b-f5ea-463f-83ce-ff080e405c88
1aa0279954fbebad,🌐 AETHERMOORE/SCBE Framework - Public Website,scbe-general,notion,https://www.notion.so/AETHERMOORE-SCBE-Framework-Public-Website-dc140ea684ff40ac999e8181d660c369,2026-01-15T03:24:00.000Z,0.5,GREEN,76d1cb70414d,4798,"# 🌐 AETHERMOORE/SCBE Framework - Public Website  Status: Draft landing page for framework marketing Purpose: Public-facing website for AETHERMOORE/SCBE Framework Target Audience: AI developers, securi",0.0857,0.104,0.2244,0.363,0.4406,0.7128,5,dc140ea6-84ff-40ac-999e-8181d660c369
fd1d1d2c455fe4d5,SCBE Technical Math Review & Operational Definitions – Attorney Package,scbe-general,notion,https://www.notion.so/SCBE-Technical-Math-Review-Operational-Definitions-Attorney-Package-2e5f96de82e580cba846d5841bb1fa01,2026-01-11T20:24:00.000Z,0.5,GREEN,2b586649c4a9,10008,"# SCBE Technical Math Review & Operational Definitions – Attorney Package  Document Created: January 11, 2026, 1:00 PM PST Location: Port Angeles, Washington, US Purpose: Technical math validation + o",0.1159,0.075,0.1821,0.3928,0.3178,0.7713,5,2e5f96de-82e5-80cb-a846-d5841bb1fa01
ee8b6f68ac60a1e6,📄 LEAN PROVISIONAL PATENT - SCBE-AETHERMOORE (Q1 2026 Filing),patent,notion,https://www.notion.so/LEAN-PROVISIONAL-PATENT-SCBE-AETHERMOORE-Q1-2026-Filing-39a71bd65cf64417a82ea3590b1134cb,2026-01-10T20:03:00.000Z,0.5,GREEN,8da42fdc7c58,15805,"# 📄 LEAN PROVISIONAL PATENT - SCBE-AETHERMOORE (Q1 2026 Filing)  Filing Strategy: Minimal claims, maximum protection. Lock January 2026 priority date. Status: Draft for USPTO provisional filing ($150)",0.0727,0.0392,0.6341,0.3078,0.332,0.5372,5,39a71bd6-5cf6-4417-a82e-a3590b1134cb
6171de3226db639e,⚖️ SCBE Patent Claims – Spectral Intent + Geometric Access Control,patent,notion,https://www.notion.so/SCBE-Patent-Claims-Spectral-Intent-Geometric-Access-Control-2975b205612b4eb3b7feb0638a57a874,2026-01-12T01:25:00.000Z,0.5,GREEN,488989136015,24273,"# ⚖️ SCBE Patent Claims – Spectral Intent + Geometric Access Control  Document Type: Provisional Patent Application Filing Date Target: Q1 2026 Prepared: January 11, 2026, 5:25 PM PST Location: Port A",0.0597,0.0483,0.391,0.1265,0.2047,0.8281,5,2975b205-612b-4eb3-b7fe-b0638a57a874
fe1eca7da86613ac,💻 SCBE Implementation Proof Package - Test Vectors & Benchmarks,scbe-general,notion,https://www.notion.so/SCBE-Implementation-Proof-Package-Test-Vectors-Benchmarks-f0cbbefe75e841ff813bcc5a08740518,2026-01-10T20:03:00.000Z,0.5,GREEN,ad69bc59db22,32972,# 💻 SCBE Implementation Proof Package - Test Vectors & Benchmarks  📄 Full Patent Document (86+ pages): https://docs.google.com/document/d/1nm7iRefGv1o4We5OPwUClK4hd9Sg3MeBqSrnY6aSyOE/edit Key Sections,0.0888,0.0718,0.1743,0.4702,0.3043,0.7385,5,f0cbbefe-75e8-41ff-813b-cc5a08740518
3a8f383aef7240af,💼 SCBE Product Brief - Buyer Guide & Demo Requirements,demo,notion,https://www.notion.so/SCBE-Product-Brief-Buyer-Guide-Demo-Requirements-10f05a630a7a41fbb6c0f0c93b14172d,2026-01-11T04:15:00.000Z,0.5,GREEN,385e7219ae32,12716,"# 💼 SCBE Product Brief - Buyer Guide & Demo Requirements  Purpose Business-facing guide explaining SCBE value proposition, target buyers, problems solved, and demo requirements. Audience: Potential cu",0.1018,0.3845,0.1777,0.719,0.2327,0.3764,5,10f05a63-0a7a-41fb-b6c0-f0c93b14172d
e9bb45c914cfdfe0,📐 SCBE Mathematical Reference - Complete Formula Sheet,scbe-general,notion,https://www.notion.so/SCBE-Mathematical-Reference-Complete-Formula-Sheet-d1b377c9a6e542bbb5246d9c9675e482,2026-01-11T04:15:00.000Z,0.5,GREEN,35f9182d6e4b,8427,"# 📐 SCBE Mathematical Reference - Complete Formula Sheet  Purpose Complete mathematical reference for implementing SCBE-AETHERMOORE. Every formula, parameter, and computation needed to build the syste",0.0746,0.1208,0.1954,0.527,0.5116,0.5519,5,d1b377c9-a6e5-42bb-b524-6d9c9675e482
dffc3551714eeae7,🔮 Spiralverse Protocol - Business Hub,lore,notion,https://www.notion.so/Spiralverse-Protocol-Business-Hub-760164796ee54ce2b5b05daa535086b5,2026-01-06T11:29:00.000Z,0.5,GREEN,1b64ce9ce309,21916,"# 🔮 Spiralverse Protocol - Business Hub  The Universal AI Orchestration Standard Transform multi-agent coordination with 6D vector navigation, polyglot cipher architecture, and 70-80% bandwidth optimi",0.028,0.0603,0.0488,0.1184,0.1278,0.9302,5,76016479-6ee5-4ce2-b5b0-5daa535086b5
b9ba1ef020ac0961,"Shopify Merchant Suite - Payment, Subscriptions & Shipping Components",scbe-general,notion,https://www.notion.so/Shopify-Merchant-Suite-Payment-Subscriptions-Shipping-Components-25d549dcf3064514b6874e3389c397e5,2025-12-26T10:29:00.000Z,0.5,GREEN,1024264e9cfa,28650,"# Shopify Merchant Suite - Payment, Subscriptions & Shipping Components  Project Overview Date: December 26, 2025 Status: In Development 🚨 Important: Project Clarification This Notion page documents T",0.1447,0.1405,0.2273,0.4904,0.3968,0.642,5,25d549dc-f306-4514-b687-4e3389c397e5
72454b015db5574c,"Screenshot 1: AWS Lambda ""Create function"" page with tutorial showing",scbe-general,notion,https://www.notion.so/Screenshot-1-AWS-Lambda-Create-function-page-with-tutorial-showing-2d7f96de82e58015a641f70edb08ea0b,2025-12-28T20:01:00.000Z,0.5,GREEN,9bf7e64680d0,3492,"# Screenshot 1: AWS Lambda ""Create function"" page with tutorial showing  - Tutorial popup visible: ""Task 1: Create the function"" with Step 1/5 - Three options displayed: Author from scratch, Use a blu",0.0949,0.1536,0.1657,0.4021,0.4338,0.7018,5,2d7f96de-82e5-8015-a641-f70edb08ea0b
28bef17a57b73443,Welcome to the EchoForge AI Central Hub - your mission control for Notion template production and business operations.,scbe-general,notion,https://www.notion.so/Welcome-to-the-EchoForge-AI-Central-Hub-your-mission-control-for-Notion-template-production-and-bu-2d8f96de82e58051aee0d7e62b5723ad,2025-12-29T04:02:00.000Z,0.5,GREEN,0a7f8d50eadc,188,# Welcome to the EchoForge AI Central Hub - your mission control for Notion template production and business operations.  ## 📊 Project Dashboard /table🎯 Central Hub - EchoForge AI /heading,0.127,0.1027,0.1662,0.4035,0.4352,0.7042,5,2d8f96de-82e5-8051-aee0-d7e62b5723ad
5f1143b90fde99d5,Chapter 4: Sacred Tongue Tokenizer - The Six Languages,tongues,notion,https://www.notion.so/Chapter-4-Sacred-Tongue-Tokenizer-The-Six-Languages-1b9b084c992b42d5b47d4e411c133c7b,2026-01-27T04:42:00.000Z,0.5,GREEN,743bcebfb33c,11231,# Chapter 4: Sacred Tongue Tokenizer - The Six Languages  Chapter 4: Sacred Tongue Tokenizer - The Six Languages This chapter documents the Six Sacred Tongues protocol—the domain-separated cryptograph,0.0169,0.0274,0.0443,0.0717,0.116,0.9386,5,1b9b084c-992b-42d5-b47d-4e411c133c7b
5f1143b90fde99d5,Chapter 4: Sacred Tongue Tokenizer - The Six Languages,tongues,notion,https://www.notion.so/Chapter-4-Sacred-Tongue-Tokenizer-The-Six-Languages-99992082902f4a9ebb59b8d117cf9b61,2026-01-27T04:42:00.000Z,0.5,GREEN,4e961ef97dde,112,# Chapter 4: Sacred Tongue Tokenizer - The Six Languages  Chapter 4: Sacred Tongue Tokenizer - The Six Languages,0.0169,0.0274,0.0443,0.0717,0.116,0.9386,5,99992082-902f-4a9e-bb59-b8d117cf9b61
2234893831e8596d,📚 Sacred Tongue Tokenizer — Practical Tutorials & Use Cases,tongues,notion,https://www.notion.so/Sacred-Tongue-Tokenizer-Practical-Tutorials-Use-Cases-df24d9fa632f4911bada5b12e8e6f63e,2026-02-10T05:09:00.000Z,0.5,GREEN,a6f201c34585,20605,"# 📚 Sacred Tongue Tokenizer — Practical Tutorials & Use Cases  Educational Materials Version: 1.0 Last Updated: January 2026 Difficulty: Beginner → Advanced This document defines the canonical ""compac",0.0169,0.0273,0.0664,0.0716,0.1159,0.9373,5,df24d9fa-632f-4911-bada-5b12e8e6f63e
e78b3c2380fa1bb6,🥚 Chapter 7: Sacred Eggs – Ritual-Based Secret Distribution,sacred-eggs,notion,https://www.notion.so/Chapter-7-Sacred-Eggs-Ritual-Based-Secret-Distribution-59ff656af0a8454593b4f04755d550c7,2026-01-27T07:58:00.000Z,0.5,GREEN,ccf102297ab8,26739,"# 🥚 Chapter 7: Sacred Eggs – Ritual-Based Secret Distribution  Sacred Eggs: Ritual-Based Secret Distribution Sacred Eggs are GeoSeal-encrypted payloads that unlock only when specific geometric, lingui",0.0227,0.0368,0.0595,0.1925,0.7786,0.5039,5,59ff656a-f0a8-4545-93b4-f04755d550c7
4fa5bc6b6d045cf8,The Six Sacred Tongues (Domain Authorization),tongues,notion,https://www.notion.so/The-Six-Sacred-Tongues-Domain-Authorization-308f96de82e581c09051e2b139b0ef38,2026-02-15T06:49:00.000Z,0.5,GREEN,5025d82ded5a,94,# The Six Sacred Tongues (Domain Authorization)  The Six Sacred Tongues (Domain Authorization),0.0188,0.0303,0.0491,0.0794,0.1285,0.9359,5,308f96de-82e5-81c0-9051-e2b139b0ef38
baf427d1ec33584f,🥚 Sacred Eggs: Ritual-Based Genesis Protocol,sacred-eggs,notion,https://www.notion.so/Sacred-Eggs-Ritual-Based-Genesis-Protocol-069c0520a59c4c568099c83236625ae8,2026-02-10T22:49:00.000Z,0.5,GREEN,d90ad460ec3a,14807,"# 🥚 Sacred Eggs: Ritual-Based Genesis Protocol  Sacred Eggs: Ritual-Based Genesis Protocol Core Principle: Autonomous system genesis requires cryptographic ceremony, not administrative fiat. Sacred Eg",0.0309,0.0333,0.1078,0.1308,0.6348,0.6847,5,069c0520-a59c-4c56-8099-c83236625ae8
871846f0a3b2efe2,🔤 Sacred Tongue Tokenizer - Practical Tutorials & Implementation Guide,tongues,notion,https://www.notion.so/Sacred-Tongue-Tokenizer-Practical-Tutorials-Implementation-Guide-ad687d9365194cbb84216f59d1e41e22,2026-02-10T02:43:00.000Z,0.5,GREEN,6a34347ecc2f,21569,# 🔤 Sacred Tongue Tokenizer - Practical Tutorials & Implementation Guide  Sacred Tongue Tokenizer - Practical Tutorials & Use Cases Complete implementation guide for encoding cryptographic primitives ,0.0192,0.031,0.0502,0.1354,0.1753,0.9217,5,ad687d93-6519-4cbb-8421-6f59d1e41e22
9330fb074f3738af,🥚📦 Sacred Egg Data Packets - Geometric Ritual Transmission,sacred-eggs,notion,https://www.notion.so/Sacred-Egg-Data-Packets-Geometric-Ritual-Transmission-ba68c0aeff5d411db271b01cb67e29b1,2026-02-08T10:02:00.000Z,0.5,GREEN,80fc7217582a,22299,"# 🥚📦 Sacred Egg Data Packets - Geometric Ritual Transmission  Sacred Egg Data Packets Geometric Ritual Transmission Protocol Version: 1.0.0   Author: Issac Davis   Date: February 8, 2026   Status: Int",0.0316,0.0512,0.0552,0.1786,0.7226,0.5846,5,ba68c0ae-ff5d-411d-b271-b01cb67e29b1
2f1e626fb4239613,✅ System Validation Demo - Production Readiness Report,demo,notion,https://www.notion.so/System-Validation-Demo-Production-Readiness-Report-f2d06475a86c4df59b8ad08238a8db6e,2026-02-02T10:32:00.000Z,0.5,GREEN,48aa48b721a8,10625,"# ✅ System Validation Demo - Production Readiness Report  SCBE-AETHERMOORE System Validation Demo Complete Production Readiness Report Demo Date: February 2, 2026, 2:30 AM PST   Status: ✅ ALL SYSTEMS ",0.0779,0.2204,0.1529,0.2473,0.1334,0.8634,5,f2d06475-a86c-4df5-9b8a-d08238a8db6e
60228693c0e3fa01,Six Sacred Tongues Protocol Deep Dive,tongues,notion,https://www.notion.so/Six-Sacred-Tongues-Protocol-Deep-Dive-091916d817e649bd8fb44aae8731a049,2026-02-02T07:43:00.000Z,0.5,GREEN,396fa70ce1fd,78,# Six Sacred Tongues Protocol Deep Dive  Six Sacred Tongues Protocol Deep Dive,0.0188,0.0303,0.0491,0.0794,0.1285,0.9359,5,091916d8-17e6-49bd-8fb4-4aae8731a049
aa6305ff92ac1f7b,🔤 SS1 Tokenizer Protocol - Sacred Tongue Integration,tongues,notion,https://www.notion.so/SS1-Tokenizer-Protocol-Sacred-Tongue-Integration-191399b1ded04bcca16f983c7f6769c3,2026-01-30T01:51:00.000Z,0.5,GREEN,b766667eb973,8130,# 🔤 SS1 Tokenizer Protocol - Sacred Tongue Integration  SS1 Tokenizer Protocol Spiralverse System 1: Sacred Tongue Bijective Encoding Version: 1.0.0 Status: Production Ready Author: Issac Davis Date: ,0.0167,0.0405,0.0436,0.1765,0.1143,0.9244,5,191399b1-ded0-4bcc-a16f-983c7f6769c3
f519b913cac64c8e,📚 Sacred Tongue Tokenizer - Practical Tutorials & Developer Guide,tongues,notion,https://www.notion.so/Sacred-Tongue-Tokenizer-Practical-Tutorials-Developer-Guide-081131469c0747f58e3edff6102244ac,2026-01-28T06:49:00.000Z,0.5,GREEN,8c62bbf52e28,20754,# 📚 Sacred Tongue Tokenizer - Practical Tutorials & Developer Guide  Version: 1.0 | Last Updated: January 2026 | Difficulty: Beginner → Advanced Purpose: Comprehensive developer tutorials for implemen,0.0167,0.0405,0.0437,0.1061,0.1717,0.9262,5,08113146-9c07-47f5-8e3e-dff6102244ac
15940ca077fa761e,The Six Sacred Tongues (Domain Authorization),tongues,notion,https://www.notion.so/The-Six-Sacred-Tongues-Domain-Authorization-799964fdc1ec4463b76d2401d8ef2dfa,2026-01-28T06:37:00.000Z,0.5,GREEN,7c828fa0bced,94,# The Six Sacred Tongues (Domain Authorization)  The Six Sacred Tongues (Domain Authorization),0.0188,0.0303,0.0491,0.0794,0.1285,0.9359,5,799964fd-c1ec-4463-b76d-2401d8ef2dfa
852c367f6f0d7c4a,"The Six Tongues Protocol: Reader-as-Protagonist, Character Integration, and System Deep Dive",tongues,notion,https://www.notion.so/The-Six-Tongues-Protocol-Reader-as-Protagonist-Character-Integration-and-System-Deep-Dive-2f6f96de82e5801d9c5fc2e30f82ec9e,2026-01-28T04:07:00.000Z,0.5,GREEN,1c7b3d3ca1bd,10691,"# The Six Tongues Protocol: Reader-as-Protagonist, Character Integration, and System Deep Dive  This report synthesizes your narrative/technical plan for The Six Tongues Protocol as an isekai adventur",0.0169,0.0273,0.0442,0.1072,0.1156,0.9352,5,2f6f96de-82e5-801d-9c5f-c2e30f82ec9e
032b282850874110,🔮 AI Workflow Architect - 6 Sacred Languages Protocol,scbe-general,notion,https://www.notion.so/AI-Workflow-Architect-6-Sacred-Languages-Protocol-2d5f96de82e580f8adf4f180260a6e0f,2025-12-26T06:21:00.000Z,0.5,GREEN,8054f14016d7,18186,# 🔮 AI Workflow Architect - 6 Sacred Languages Protocol  Project Overview AI Workflow Architect is a self-healing CI/CD system coordinating multiple AI platforms via secure multi-dimensional communica,0.0917,0.0891,0.0961,0.3887,0.2515,0.814,5,2d5f96de-82e5-80f8-adf4-f180260a6e0f
5dcb352ddba122b3,🔮 SpiralSeal SS1 - Six Sacred Tongues Lexicon (v1),tongues,notion,https://www.notion.so/SpiralSeal-SS1-Six-Sacred-Tongues-Lexicon-v1-47b70aa3113b4576884d41b6d1f7fd2b,2026-01-24T18:09:00.000Z,0.5,GREEN,54f371cf7fed,14921,# 🔮 SpiralSeal SS1 - Six Sacred Tongues Lexicon (v1)  SpiralSeal SS1 — Six Sacred Tongues Lexicon Version: 1.0 (Canonical Reference Implementation) Created: January 2026 Status: Production-Ready · Pat,0.0297,0.048,0.1166,0.1572,0.2035,0.9053,5,47b70aa3-113b-4576-884d-41b6d1f7fd2b
91f891d5fdf7cd3e,Tutorial 1: Your First Sacred Tongue Encoding (Corrected),tongues,notion,https://www.notion.so/Tutorial-1-Your-First-Sacred-Tongue-Encoding-Corrected-058b4372d8c34288b8607eaa5d1fbe42,2026-01-26T09:24:00.000Z,0.5,GREEN,0cc624c9f15b,118,# Tutorial 1: Your First Sacred Tongue Encoding (Corrected)  Tutorial 1: Your First Sacred Tongue Encoding (Corrected),0.0188,0.0303,0.0491,0.0794,0.1285,0.9359,5,058b4372-d8c3-4288-b860-7eaa5d1fbe42
9e598e24cc15118d,📚 Sacred Tongue Tokenizer System - Complete Reference,tongues,notion,https://www.notion.so/Sacred-Tongue-Tokenizer-System-Complete-Reference-b78e69330d7945b1a88762337dc144b2,2026-01-26T09:24:00.000Z,0.5,GREEN,92a919a3b7db,4790,"# 📚 Sacred Tongue Tokenizer System - Complete Reference  Sacred Tongue Tokenizer System - Complete Reference Purpose: Central hub for the Six Sacred Tongues lexicons, encoding algorithms, and implemen",0.0169,0.0273,0.0442,0.1072,0.1156,0.9352,5,b78e6933-0d79-45b1-a887-62337dc144b2
82a0d9ceda4853e7,SpiralSeal SS1 - Sacred Tongue Cryptographic Encoding,tongues,notion,https://www.notion.so/SpiralSeal-SS1-Sacred-Tongue-Cryptographic-Encoding-3d4d52d6d88f47aca4165dcea5e158aa,2026-01-18T02:46:00.000Z,0.5,GREEN,3c65cdec5fbd,11131,"# SpiralSeal SS1 - Sacred Tongue Cryptographic Encoding  SpiralSeal SS1 Sacred Tongue Cryptographic Encoding & Steganographic Obfuscation Status: ✅ Implemented & Tested   Date: January 17, 2026   Inte",0.0167,0.027,0.0437,0.1766,0.1143,0.9248,5,3d4d52d6-d88f-47ac-a416-5dcea5e158aa
0352294afbfd73b9,Integrate with Spiralverse 6 Sacred Languages protocol,lore,notion,https://www.notion.so/Integrate-with-Spiralverse-6-Sacred-Languages-protocol-d690af03e071459f8d4360371be3df5d,2026-01-08T05:24:00.000Z,0.5,GREEN,2cbc2cd19132,112,# Integrate with Spiralverse 6 Sacred Languages protocol  Integrate with Spiralverse 6 Sacred Languages protocol,0.012,0.0583,0.0314,0.0508,0.1645,0.9318,5,d690af03-e071-459f-8d43-60371be3df5d
3d4391b193be55c8,🔬 ISSAC DAVIS RESEARCH COMPENDIUM,scbe-general,notion,https://www.notion.so/ISSAC-DAVIS-RESEARCH-COMPENDIUM-2e1f96de82e58014aee1dad581e68e27,2026-01-07T14:57:00.000Z,0.5,GREEN,687806f81f93,9564,# 🔬 ISSAC DAVIS RESEARCH COMPENDIUM  🔬 ISSAC DAVIS - COMPLETE RESEARCH COMPENDIUM AETHERMATH Framework & Patent Portfolio 📋 MASTER DOCUMENTATION - All Original Discoveries & Implementations Last Updat,0.0973,0.0788,0.3186,0.6186,0.3336,0.5398,5,2e1f96de-82e5-8014-aee1-dad581e68e27
9f4fd5647cd5d7c5,AI-Orchestrated Human Microgeneration System — Patent & Design Notes,patent,notion,https://www.notion.so/AI-Orchestrated-Human-Microgeneration-System-Patent-Design-Notes-7815724468374a65b55491e8af8e4f89,2026-01-05T02:29:00.000Z,0.5,GREEN,d12539a864fa,6184,# AI-Orchestrated Human Microgeneration System — Patent & Design Notes  Status: Authoritative / Patent Source Created: 2026-01-04 Purpose: Formal invention capture for provisional/non-provisional pate,0.1091,0.0353,0.5141,0.0924,0.2991,0.726,5,78157244-6837-4a65-b554-91e8af8e4f89
9f0e3fa0324e33eb,📐 Geometric Bounds Specification - Rigorous Mathematical Definition,scbe-general,notion,https://www.notion.so/Geometric-Bounds-Specification-Rigorous-Mathematical-Definition-45975cec08134cf48346a9d2a68a5cd2,2026-02-08T02:09:00.000Z,0.5,GREEN,54bce62700b8,12927,"# 📐 Geometric Bounds Specification - Rigorous Mathematical Definition  Geometric Bounds Specification Rigorous mathematical definition of ""inside/outside bounds"" for SCBE-AETHERMOORE This page provide",0.0856,0.1385,0.2987,0.4833,0.391,0.6327,5,45975cec-0813-4cf4-8346-a9d2a68a5cd2
123e41e9d1cdc2e5,quantum-Geometric Contextual Security System – Draft Claims v2,scbe-general,notion,https://www.notion.so/quantum-Geometric-Contextual-Security-System-Draft-Claims-v2-2e3f96de82e580babaced5e69b01e7dc,2026-01-09T04:32:00.000Z,0.5,GREEN,14062ac42acd,22000,"# quantum-Geometric Contextual Security System – Draft Claims v2  TODO (counsel): Tighten §101/112 language, avoid divided infringement. TODO (counsel): Generate method + non-transitory medium claim f",0.1189,0.0962,0.1557,0.5038,0.4076,0.6595,5,2e3f96de-82e5-80ba-bace-d5e69b01e7dc
161b123f98d8d320,"Introducing the HYDRA Protocol - post-quantum security documentation covering 14 cryptographic layers, lattice-based key exchange, and hyperbolic geometry boundaries.

Protect your systems before quantum computing breaks current encryption.

aetherdavis.gumroad.com/l/hydra

#QuantumComputing #Security #Crypto",hydra,notion,https://www.notion.so/Introducing-the-HYDRA-Protocol-post-quantum-security-documentation-covering-14-cryptographic-layer-305f96de82e580709de9f9ea5ad3ee2e,2026-02-12T15:07:00.000Z,0.5,GREEN,b35887b8d9c0,624,"# Introducing the HYDRA Protocol - post-quantum security documentation covering 14 cryptographic layers, lattice-based key exchange, and hyperbolic geometry boundaries.  Protect your systems before qu",0.2031,0.1643,0.1773,0.4302,0.232,0.7509,5,305f96de-82e5-8070-9de9-f9ea5ad3ee2e
002c697b859d80df,🦾 HYDRA AI Automation Templates - Product Strategy,hydra,notion,https://www.notion.so/HYDRA-AI-Automation-Templates-Product-Strategy-1c9ff8f92c5f4b8389e909bc19ba82fd,2026-02-03T05:36:00.000Z,0.5,GREEN,d8a2ca742da2,8734,"# 🦾 HYDRA AI Automation Templates - Product Strategy  HYDRA AI Automation Templates Productizing Your Multi-Agent System for Gumroad 🎯 Core Positioning Target Market: Developers, AI engineers, automat",0.1601,0.1295,0.1572,0.1695,0.1371,0.8876,5,1c9ff8f9-2c5f-4b83-89e9-09bc19ba82fd
c5fbc52f8fd28b66,"Launching a Notion Template Flash Sale: Strategy, Depth, and Marketplace Insights",scbe-general,notion,https://www.notion.so/Launching-a-Notion-Template-Flash-Sale-Strategy-Depth-and-Marketplace-Insights-2d7f96de82e580778b1ef176030e5765,2025-12-28T22:51:00.000Z,0.5,GREEN,779a9430300d,12068,"# Launching a Notion Template Flash Sale: Strategy, Depth, and Marketplace Insights  This report details how to set up a dedicated money-making section for Notion template sales, including a flash sal",0.0735,0.0793,0.1283,0.3114,0.3359,0.8152,5,2d7f96de-82e5-8077-8b1e-f176030e5765
58124def18519790,Physics Simulation API - Documentation & Revenue Plan,scbe-general,notion,https://www.notion.so/Physics-Simulation-API-Documentation-Revenue-Plan-2e3f96de82e580628834d90a25da957c,2026-01-09T02:21:00.000Z,0.5,GREEN,d182f7437f90,2751,"# Physics Simulation API - Documentation & Revenue Plan  Python Overview Working AWS Lambda physics calculation API Status: Live and functional Last tested: January 8, 2026, 6 PM PST Execution time: 1",0.0735,0.0793,0.1283,0.3114,0.3359,0.8152,5,2e3f96de-82e5-8062-8834-d90a25da957c
08d41dbba07d79c6,Spiralverse Protocol,lore,notion,https://www.notion.so/Spiralverse-Protocol-3776cb84079847799dc3f38fd0805e69,2025-12-07T18:51:00.000Z,0.5,GREEN,8cf822646a39,13644,"# Spiralverse Protocol  Spiralverse Protocol Secure AI-to-AI Communication for the Autonomous Age The SCBE-AETHERMOORE framework provides exponentially increasing security through hyperbolic geometry,",0.0084,0.0409,0.0661,0.107,0.1154,0.9336,5,3776cb84-0798-4779-9dc3-f38fd0805e69
eb46ec6875eec50f,,scbe-general,notion,https://www.notion.so/cef7755ea1b2418e88f75b1c38f1f50e,2026-01-05T08:48:00.000Z,0.5,GREEN,bc1af7220e5a,85560,"#   Interoperability Codex System v2.0 - Technical Specificatio UNDERSTANDING THIS DOCUMENT Key Innovation: Unlike traditional API-based orchestration, each domain operates independently yet cohesivel",0.0693,0.0673,0.1815,0.3525,0.3802,0.769,5,cef7755e-a1b2-418e-88f7-5b1c38f1f50e
d8a16b642f582df7,"Just launched WorldForge - a complete worldbuilding & conlang Notion template!

Build entire fictional universes with:
- Constructed language builder
- Culture & society databases
- Character trackers
- Magic systems
- Timeline builders

Filled with real examples from the Spiralverse.

https://aetherdavis.gumroad.com/l/worldforge",lore,notion,https://www.notion.so/Just-launched-WorldForge-a-complete-worldbuilding-conlang-Notion-template-Build-entire-fiction-305f96de82e5809bb4adee4aab57dd3a,2026-02-12T07:58:00.000Z,0.5,GREEN,d3ca48125124,666,# Just launched WorldForge - a complete worldbuilding & conlang Notion template!  Build entire fictional universes with: - Constructed language builder - Culture & society databases - Character tracke,0.012,0.0583,0.0314,0.0508,0.1645,0.9318,5,305f96de-82e5-809b-b4ad-ee4aab57dd3a
0d10950f5e98c674,🧠 Vector-Based Thought Processing - Spiralverse RAG Enhancement,lore,notion,https://www.notion.so/Vector-Based-Thought-Processing-Spiralverse-RAG-Enhancement-40e395b3ef7244bea65d6ce07732b6bb,2026-01-06T22:42:00.000Z,0.5,GREEN,be2cb882ed5b,12200,"# 🧠 Vector-Based Thought Processing - Spiralverse RAG Enhancement  Status: Living Document | Version: 1.0.0-draft | Last Updated: January 6, 2026 Integration Layer: This document describes how to add ",0.024,0.0583,0.0314,0.0508,0.1645,0.9316,5,40e395b3-ef72-44be-a65d-6ce07732b6bb
9cb3bc8892fc8478,Vector-Based Thought Processing - RAG Enhancement for Spiralverse Protocol,lore,notion,https://www.notion.so/Vector-Based-Thought-Processing-RAG-Enhancement-for-Spiralverse-Protocol-cde28f54cc1f4fe8a3890a6d1c22d4f5,2026-01-06T22:43:00.000Z,0.5,GREEN,ba24d1d1ff6c,1731,# Vector-Based Thought Processing - RAG Enhancement for Spiralverse Protocol  🧠 Vector-Based Thought Processing - RAG Enhancement 📋 Overview Comprehensive guide for integrating vector embeddings (FAIS,0.021,0.0681,0.0551,0.0446,0.1442,0.9336,5,cde28f54-cc1f-4fe8-a389-0a6d1c22d4f5
4298689868fd7515,Spiralverse Master Pack Integration (RWP v2.1),lore,notion,https://www.notion.so/Spiralverse-Master-Pack-Integration-RWP-v2-1-b59e04cd25d346bfa5ffa6b05b758ed0,2026-01-18T00:12:00.000Z,0.5,GREEN,3fa6055d7e67,7588,"# Spiralverse Master Pack Integration (RWP v2.1)  Spiralverse Master Pack Integration Real World Protocol v2.1 Unified Envelope ""Invitation over Command, Connection over Control."" Executive Summary Th",0.0249,0.0404,0.0218,0.1409,0.171,0.9223,5,b59e04cd-25d3-46bf-a5ff-a6b05b758ed0
4ec356349f874209,Core Theorems🔮 Spiralverse 6-Language (1),theorems,notion,https://www.notion.so/Core-Theorems-Spiralverse-6-Language-1-2ebf96de82e58114b1e2d0b6483ae45e,2026-01-17T03:20:00.000Z,0.5,GREEN,8c06e195aea8,85015,"# Core Theorems🔮 Spiralverse 6-Language (1)  Interoperability Codex System v2.0 - Technical Specification Key Innovation: Unlike traditional API-based orchestration, each domain operates independently",0.0793,0.0642,0.5193,0.3361,0.2719,0.6599,5,2ebf96de-82e5-8114-b1e2-d0b6483ae45e
a8224c58865448e9,🧠 AI Cognitive Governance Mind Map,governance,notion,https://www.notion.so/AI-Cognitive-Governance-Mind-Map-2f4f96de82e5803c8a73c5033e4dfaec,2026-01-26T05:27:00.000Z,0.5,GREEN,eab96fdbf1e0,2273,"# 🧠 AI Cognitive Governance Mind Map  Geometric AI Alignment through Dimensional Constraint - Governance through topology, not rules. ## The 5-Layer Mind Map Architecture ### 1. The Canvas: Poincare B",0.1788,0.0321,0.26,0.0841,0.1361,0.8811,5,2f4f96de-82e5-803c-8a73-c5033e4dfaec
5ed17da34691f672,🔐 Multi-Signature Governance Template,governance,notion,https://www.notion.so/Multi-Signature-Governance-Template-2faf96de82e580609500eb8478e838fd,2026-02-01T07:50:00.000Z,0.5,GREEN,c42a2156056f,833,# 🔐 Multi-Signature Governance Template  Template for implementing Roundtable Multi-Signature Governance with exponential security scaling. Six Sacred Tongues The protocol operates on six orthogonal c,0.1746,0.0565,0.2286,0.2959,0.3591,0.7746,5,2faf96de-82e5-8060-9500-eb8478e838fd
cc582a45d91f9d4f,Multi-Signature Governance Tutorial,governance,notion,https://www.notion.so/Multi-Signature-Governance-Tutorial-0cb733c90d2b4bdaad14405e3a769ce3,2026-02-02T07:43:00.000Z,0.5,GREEN,ae0c7e21ab7d,74,# Multi-Signature Governance Tutorial  Multi-Signature Governance Tutorial,0.207,0.0419,0.271,0.1096,0.1773,0.8608,5,0cb733c9-0d2b-4bda-ad14-405e3a769ce3
1500dc918ae9cea1,4-Tier AI Governance Explainer,governance,notion,https://www.notion.so/4-Tier-AI-Governance-Explainer-710c5dffb1ee4750ba2462b791b54732,2026-02-02T07:43:00.000Z,0.5,GREEN,88c6b03de5c5,64,# 4-Tier AI Governance Explainer  4-Tier AI Governance Explainer,0.2807,0.0568,0.3674,0.1486,0.2405,0.7782,5,710c5dff-b1ee-4750-ba24-62b791b54732
9ef0f6b723ecf4c2,February - 5th: US Government & Civics,scbe-general,notion,https://www.notion.so/February-5th-US-Government-Civics-5e300cae34b442b0b8abf1ebc619323e,2026-01-29T09:41:00.000Z,0.5,GREEN,8892c8f29e94,321,# February - 5th: US Government & Civics  February: How Government Works Intro: American Democracy Understand our government! Main Lesson: Learn three branches of government Understand checks and bala,0.0938,0.1012,0.2457,0.3975,0.4288,0.6937,5,5e300cae-34b4-42b0-b8ab-f1ebc619323e
da68d04401917f03,🔄 Theorem 2: Isometric Realification,theorems,notion,https://www.notion.so/Theorem-2-Isometric-Realification-ff972a5ddde74210a94c0481df5451f8,2026-02-02T09:15:00.000Z,0.5,GREEN,8a21fde2173f,7939,# 🔄 Theorem 2: Isometric Realification  Theorem 2: Isometric Realification Core Principle: Complex vectors can be converted to real vectors without losing any information Mathematical Statement (Paten,0.0535,0.0433,0.5603,0.6799,0.1833,0.2967,5,ff972a5d-dde7-4210-a94c-0481df5451f8
a609b9142dabdb9f,📏 Theorem 4: Hyperbolic Metric Axioms,axioms,notion,https://www.notion.so/Theorem-4-Hyperbolic-Metric-Axioms-1db9724d8444449796540331df440623,2026-02-02T09:15:00.000Z,0.5,GREEN,22d201d59fbe,10871,"# 📏 Theorem 4: Hyperbolic Metric Axioms  Theorem 4: Hyperbolic Metric Axioms (Patent-Hardened) Core Principle: The Harmonic Wall H(d,R) = R^(d²) scales super-exponentially with hyperbolic distance d_H",0.0616,0.0332,0.5379,0.3481,0.1408,0.6836,5,1db9724d-8444-4497-9654-0331df440623
db4356e29b092dda,🎯 Theorem 3: Poincaré Ball Containment,theorems,notion,https://www.notion.so/Theorem-3-Poincar-Ball-Containment-143217bdf5a748c79952ffd4100bf383,2026-02-02T09:15:00.000Z,0.5,GREEN,8e63a27fc2eb,9851,# 🎯 Theorem 3: Poincaré Ball Containment  Theorem 3: Poincaré Ball Containment Core Principle: Any real vector can be mapped into the hyperbolic trust manifold Mathematical Statement (Patent-Hardened),0.0705,0.038,0.492,0.5971,0.161,0.5211,5,143217bd-f5a7-48c7-9952-ffd4100bf383
f884788cfddb62ff,📐 Theorem 1: Polar Decomposition Uniqueness,theorems,notion,https://www.notion.so/Theorem-1-Polar-Decomposition-Uniqueness-c3cd0d416c6a409394a0212102e02a1c,2026-02-02T09:15:00.000Z,0.5,GREEN,4662f78b6f23,5971,# 📐 Theorem 1: Polar Decomposition Uniqueness  Theorem 1: Polar Decomposition Uniqueness Core Principle: Every complex number has a unique polar representation Mathematical Statement For every non-zer,0.0521,0.0421,0.4774,0.5517,0.1785,0.5778,5,c3cd0d41-6c6a-4093-94a0-212102e02a1c
340d2dbca6984807,Core Theorems v2.1 - Reference,theorems,notion,https://www.notion.so/Core-Theorems-v2-1-Reference-ad868039b5e5438bb07fa63077a19ac3,2026-02-05T07:34:00.000Z,0.5,GREEN,a5148396d305,16355,"# Core Theorems v2.1 - Reference  Overview Core mathematical theorems for the scbe-aethermoore package, version 2.1. Quick Installation npm i scbe-aethermoore Repository: github.com/issdandavis/scbe-a",0.0672,0.0544,0.6157,0.5693,0.2303,0.3726,5,ad868039-b5e5-438b-b07f-a63077a19ac3
07ce248646d84886,🧪 Interactive Test App - Core Theorems Demo,theorems,notion,https://www.notion.so/Interactive-Test-App-Core-Theorems-Demo-4f11b515fde94c72b1d18ee2eea71760,2026-02-04T05:00:00.000Z,0.5,GREEN,5a76dad5ac71,6388,"# 🧪 Interactive Test App - Core Theorems Demo  Live Demo & Testing Environment Status: Production Ready | Version: v2.1 | Last Updated: February 4, 2026 📦 Quick Installation npm Package: npm i scbe-ae",0.0543,0.0293,0.3793,0.3068,0.1241,0.8033,5,4f11b515-fde9-4c72-b1d1-8ee2eea71760
43eb6c5165c6bc41,🍎 Teacher's Hub - Complete K-12 Curriculum System,scbe-general,notion,https://www.notion.so/Teacher-s-Hub-Complete-K-12-Curriculum-System-985d0b3cc6fa4f9eb15eca742916c2e8,2026-01-29T09:34:00.000Z,0.5,GREEN,7c7789bfcc69,5606,"# 🍎 Teacher's Hub - Complete K-12 Curriculum System  Teacher's Hub Welcome to your complete K-12 curriculum management system This hub organizes lesson plans, tracks student progress, and provides all",0.0895,0.0965,0.1562,0.5055,0.409,0.6618,5,985d0b3c-c6fa-4f9e-b15e-ca742916c2e8
8a2602b57438ab26,📐 K-12 Math Mastery - Complete Curriculum Template,scbe-general,notion,https://www.notion.so/K-12-Math-Mastery-Complete-Curriculum-Template-0864bea9827b4d8fb183b3b660febfe3,2026-01-29T07:03:00.000Z,0.5,GREEN,833055c47b9e,23318,# 📐 K-12 Math Mastery - Complete Curriculum Template  K-12 Math Mastery Template Complete mathematics curriculum tracker from Kindergarten through 12th grade Perfect for: Homeschool parents tracking s,0.094,0.076,0.123,0.398,0.322,0.7815,5,0864bea9-827b-4d8f-b183-b3b660febfe3
211e69ade7c85674,AETHERMOORE Cryptographic Security System,scbe-general,notion,https://www.notion.so/AETHERMOORE-Cryptographic-Security-System-56e72064dea64b69806ad7f0034d09d7,2026-01-17T21:15:00.000Z,0.5,GREEN,6d7dcc3e0256,2723,"# AETHERMOORE Cryptographic Security System  Project Overview AETHERMOORE is a unified cryptographic security framework combining spectral coherence-based encryption, topological control-flow integrit",0.0983,0.1061,0.2575,0.486,0.2247,0.7271,5,56e72064-dea6-4b69-806a-d7f0034d09d7
d77b88b3de774c07,Part IV: The Convergence Theorem,theorems,notion,https://www.notion.so/Part-IV-The-Convergence-Theorem-048498c61b3e4938b2fba3b9809c0667,2026-01-27T09:27:00.000Z,0.5,GREEN,cb96c2e21735,9743,"# Part IV: The Convergence Theorem  Where the boundaries between magic and mathematics dissolve Chapter 15: The Discovery Stanford Artificial Intelligence Laboratory March 15, 2026 - 2:47 AM Dr. Sarah",0.0502,0.0406,0.5256,0.5316,0.172,0.5567,5,048498c6-1b3e-4938-b2fb-a3b9809c0667
695902be757dd4b5,Technical Appendix B: Hyperbolic Trust Geometry,math,notion,https://www.notion.so/Technical-Appendix-B-Hyperbolic-Trust-Geometry-8d6b8153dbfd4804898086dbe9252b80,2026-01-27T09:27:00.000Z,0.5,GREEN,6768a40e52a4,212,# Technical Appendix B: Hyperbolic Trust Geometry  Technical Appendix B: Hyperbolic Trust Geometry as World-Tree Substrate GeoSeal Concentric Rings as Dimensional Layer Architecture Working on geometr,0.0285,0.046,0.2235,0.8438,0.195,0.3156,5,8d6b8153-dbfd-4804-8980-86dbe9252b80
73b2fe97b320956f,🛠️ Aethermoore CLI - Complete Usage Guide,scbe-general,notion,https://www.notion.so/Aethermoore-CLI-Complete-Usage-Guide-913ea089b32f4159ae8bf74069fdd772,2026-01-27T04:26:00.000Z,0.5,GREEN,40f7735490e8,14011,"# 🛠️ Aethermoore CLI - Complete Usage Guide  Aethermoore CLI — Complete Reference Version: 1.0 Language: Python 3.10+ Dependencies: Standard library only (hashlib, hmac, base64, dataclasses) Quick Sta",0.0785,0.0508,0.0822,0.4655,0.4304,0.6964,5,913ea089-b32f-4159-ae8b-f74069fdd772
ef53122a83fb5b22,🔐 AetherMoore Protocol – Harmonic Conlang Cipher System,scbe-general,notion,https://www.notion.so/AetherMoore-Protocol-Harmonic-Conlang-Cipher-System-e1b0875eeb274053ba72e8762def458c,2026-01-08T05:21:00.000Z,0.5,GREEN,b0906984fda7,7032,# 🔐 AetherMoore Protocol – Harmonic Conlang Cipher System  Status: Research - Requires Validation | Priority: Medium | Timeline: TBD Pending Security Audit Multi-modal conlang authentication combined ,0.093,0.0752,0.1826,0.3939,0.3187,0.7734,5,e1b0875e-eb27-4053-ba72-e8762def458c
f32dd96fec407d33,🛣️ AetherMoore/EDE Realistic Roadmap,scbe-general,notion,https://www.notion.so/AetherMoore-EDE-Realistic-Roadmap-49db9ccd545c4c6187d506ab6e6c13bc,2026-01-09T07:37:00.000Z,0.5,GREEN,6bea3e2598b6,6787,"# 🛣️ AetherMoore/EDE Realistic Roadmap  Status: Engineering-Focused Development Plan Timeline: 18-24 months to production-ready Budget: $50,000-100,000 (assuming partnerships) Core Principle: Build Wh",0.0703,0.1138,0.1228,0.3973,0.3214,0.78,5,49db9ccd-545c-4c61-87d5-06ab6e6c13bc
8c640362173fd8f7,🔍 AetherMoore/EDE Vulnerability Assessment,scbe-general,notion,https://www.notion.so/AetherMoore-EDE-Vulnerability-Assessment-f00fce2993f24d2fa8cf3729eb0b7bbe,2026-01-09T07:37:00.000Z,0.5,GREEN,47de9619e7a1,6763,"# 🔍 AetherMoore/EDE Vulnerability Assessment  Date: January 9, 2026 Status: Critical Security Review Conclusion: Significant gaps identified - protocol requires major revision Executive Summary This a",0.0624,0.101,0.218,0.529,0.2853,0.6925,5,f00fce29-93f2-4d2f-a8cf-3729eb0b7bbe
